id,name_x,yearpublished,rank_x,category
397598,Dune: Imperium – Uprising,2023,34,"[1064, 1093, 1001, 1010]"
396790,Nucleum,2023,202,"[1021, 1088, 1016]"
391163,Forest Shuffle,2023,312,"[1089, 1002, 1094, 1080]"
400314,Apiary,2023,379,"[1089, 1016]"
397385,Pirates of Maracaibo,2023,1421,"[1020, 1008, 1090]"
396989,Evenfall,2023,1450,"[1002, 1010]"
394106,Everdell Farshore,2023,1577,"[1089, 1002, 1029, 1010]"
395375,Art Society,2023,1724,[1028]
392023,Mycelia,2023,2045,[1002]
400205,5 Towers,2023,2485,[1002]
397897,Horrified: Greek Monsters,2023,2526,"[1024, 1047]"
406291,스플렌더: Pokémon (Splendor: Pokémon),2023,2596,"[1002, 1021, 1064, 1101]"
392449,Welcome To...: Collector's Edition,2023,2677,[1029]
393973,Match of the Century,2023,2804,[1002]
403265,Marabunta,2023,3194,[1089]
400995,Perspectives,2023,3243,"[1039, 1040, 1028]"
405537,DroPolter,2023,3320,[1032]
391795,Kinfire Delve: Vainglory's Grotto,2023,3334,"[1002, 1010, 1024]"
392513,Mindbug: Beyond Eternity,2023,3351,"[1002. 1010, 1046, 1016]"
394334,Sunrise Lane,2023,3394,"[1002, 1029]"
393179,Shipyard (2nd Edition),2023,3709,"[1021, 1088, 1008]"
394889,Cabanga!,2023,3951,[1002]
398162,MicroMacro: Crime City – Showdown,2023,3980,"[1039, 1040]"
396618,Waterfall Park,2023,4058,[1026]
399806,Karvi,2023,4089,"[1022, 1017, 1020]"
394887,Surfosaurus MAX,2023,4236,[1002]
396542,The Same Game,2023,4389,"[1039, 1030, 1025]"
397736,HITSTER: Guilty Pleasures,2023,4453,"[1002, 1054, 1030]"
402215,Silver & Gold Pyramids,2023,4663,[1002]
393530,Karak II,2023,5008,"[1022, 1041, 1017, 1020, 1010]"
393887,Kuhfstein,2023,5418,[1089]
409572,Intent to Kill,2023,5608,"[1039, 1040]"
405538,Rafter Five,2023,5695,[1032]
395364,Dorfromantik: The Duel,2023,5761,"[1029, 1084, 1028]"
219717,18USA,2017,5788,"[1021, 1042, 1034]"
398898,High Season: Grand Hotel Roll & Write,2023,5875,"[1017, 1021]"
393352,Perfect Words,2023,5942,"[1039, 1028, 1025]"
397431,Moorland,2023,5949,[1084]
399011,Barrio,2023,6161,"[1002, 1029]"
393910,The Texas Chainsaw Massacre: Slaughterhouse,2023,6174,"[1024, 1064]"
394144,Risk Strike,2023,6293,"[1002, 1017]"
393888,Passt nicht!,2023,6372,[1002]
394127,Yokai Pagoda,2023,6385,"[1009, 1023, 1002, 1010]"
394961,Penny Black,2023,6435,[1028]
396655,Quicksand,2023,6437,[1037]
398684,Skyrockets: Festivals of Fire,2023,6500,[1037]
396543,Havalandi,2023,6682,[1009]
387763,How Dare You?,2023,6706,[1030]
395907,Black Rose Wars: Duel – Lex,2023,6725,"[1002, 1010, 1047, 1070]"
391497,Tangram City,2023,6762,"[1029, 1028]"
401885,Schätz it if you can,2023,6795,"[1023, 1027]"
393456,1902 Méliès,2023,6925,[1064]
392842,Wonder Bowling,2023,7001,[1032]
401543,Newsboys,2023,7367,[1021]
393000,Ex Libris: Revised Edition,2023,7374,"[1002, 1010]"
402310,Town 77,2023,7376,[1028]
394960,Legendary: A Marvel Deck Building Game – Marvel Studios' What If...?,2023,7469,[1002]
391290,Ecosystem: Savanna,2023,7560,"[1089, 1094, 1084]"
400113,Panda Panda,2023,7595,[1002]
402206,Dioses!,2023,8001,[1028]
405460,CATsle Builders,2023,8148,[1002]
399374,For One: Kniffel,2023,8214,[1017]
394735,Exit: The Game – Advent Calendar: The Missing Hollywood Star,2023,8299,"[1040, 1028]"
391985,Enemy Anemone,2023,8381,[1002]
392473,Islet,2023,8491,"[1009, 1089, 1084, 1020, 1086]"
396091,Heroes for Sale,2023,8559,"[1002, 1016]"
391045,Alpaca,2023,8623,"[1089, 1002]"
392611,Sushi Go!: Spin Some for Dim Sum,2023,8674,
324803,Vampire: The Eternal Struggle Fifth Edition,2020,9047,[1042]
392192,Unlock!: Short Adventures – Meurtre à Birmingham,2023,9196,"[1002, 1028, 1037]"
390903,Villagers of the Oak Dell,2023,9220,"[1017, 1120]"
399088,UNO: Show 'Em No Mercy,2023,9314,[1002]
410097,ザ・カカポ　バディ＆パーティ (The Kakapo: Buddy & Party),2023,9459,[1002]
399378,For One: Galaktix,2023,9537,[1017]
391561,Disney Villainous: Introduction to Evil,2023,9742,"[1002, 1010, 1035, 1064, 1082, 1093, 1090]"
393488,"Oh No, Volcano!",2023,9883,[1041]
400756,Wizards Cup,2023,9900,"[1002, 1010]"
391995,Unlock!: Short Adventures – Red Mask,2023,9928,"[1002, 1028, 1037]"
402208,Ku-Ka-König,2023,9952,[1002]
398368,Global War: World War II Worldwide 1939-1945,2023,10140,"[1019, 1049]"
404513,Tokyo Highway: Rainbow City,2023,10149,[1032]
393404,Turbo Kidz,2023,10272,"[1030, 1037]"
83492,Privacy: Scharf wie Chili,2010,10299,"[1118, 1030]"
395906,Exploding Kittens: Good Vs Evil,2023,10316,"[1089, 1002, 1064, 1030]"
401177,Passo,2023,10317,[1009]
392193,Unlock!: Short Adventures – Le Chat de M. Schrödinger,2023,10318,"[1002, 1028, 1037]"
393975,Evil Corp.,2023,10391,"[1010, 1079, 1035]"
393492,Avatar: The Last Airbender – Crossroads of Destiny,2023,10502,[1064]
404462,Monikers: Monikers-er,2023,10525,[1030]
401795,Battle of Gods,2023,10538,"[1002, 1017,  1047, 1082]"
401168,nana: Christmas Edition,2022,10663,[1002]
398771,Die Patin,2023,10725,"[1009, 1089, 1033]"
396607,Disney Robin Hood: Sheriff of Nottingham Game,2023,10766,"[1023, 1002, 1010, 1079, 1035, 1064, 1026, 1030]"
394325,Fruitoplay,2023,10925,[1002]
403000,Traitors Aboard,2023,10960,"[1023, 1002, 1030, 1090]"
391892,What the Rule?!,2023,10984,"[1002, 1039, 1028]"
398947,Battle Card: Series 1,2023,11011,"[1120, 1019, 1049]"
392448,Medieval Academy,2023,11077,"[1002, 1035]"
398774,Reif für die Insel,2023,11098,[1089]
399826,Gem Getter Pro,2023,11124,"[1120, 1028]"
391625,The Brain,2023,11125,"[1002, 1039, 1028]"
402373,Unlock!: Supernatural Adventures,2023,11130,"[1039, 1028, 1037]"
403160,Арідник (Aridnyk),2023,11135,"[1022, 1116, 1010, 1082]"
393842,Quest Calendar: Leaf Riders of Wrenwood,2023,11167,"[1089, 1010, 1120]"
394081,Rubber Paper Scissors,2023,11250,[1030]
391048,Time Division,2023,11261,"[1002, 1081]"
402109,PASS,2023,11317,"[1002, 1098]"
396995,Whale Street,2023,11337,"[1023, 1021, 1030]"
399166,Kids Chronicles: The Old Oak Prophecy,2023,11455,"[1022, 1041, 1020, 1010]"
399375,For One: Schwarze Rosen,2023,11484,[1028]
399376,For One: Number Up,2023,11579,"[1002, 1028, 1098]"
393457,Urbify,2023,11657,[1029]
394507,Wave,2023,11733,[1002]
391086,Everything Ever,2023,11779,"[1002, 1030, 1027]"
402205,Sixto,2023,11800,"[1017, 1098]"
409553,The First Tsar: Ivan the Terrible,2023,11838,"[1021, 1035]"
393343,Smug Owls,2023,12010,[1030]
411982,ito Rainbow,2022,12019,"[1002, 1030]"
400211,Cuvée,2023,12121,[1021]
392372,Side Quest: 7th Sea,2023,12191,[1028]
394332,Western Legends: Showdown,2023,12270,"[1002, 1055]"
402744,Toil & Troublez,2023,12274,"[1002, 1010]"
397228,Piazza,2023,12321,[1009]
394193,Kosmogonia 2086: Kronos Epilogue – The Card Game!,2023,12326,"[1022, 1002, 1010, 1046, 1082, 1016]"
397227,Deductio,2023,12345,"[1002, 1039, 1098]"
400835,echoes: Draculas Erbe,2023,12537,"[1039, 1040]"
407720,Post Office,2023,12575,"[1089, 1116]"
401779,Port Royal: The Dice Game,2023,12619,"[1017, 1021, 1008, 1090]"
410100,Extreme Tricks,2023,12697,"[1002, 1038]"
396649,At the Office,2023,12724,"[1039, 1017, 1104, 1093, 1098]"
26004,Bitter Woods Deluxe Edition Expansion Kit,2004,12856,"[1042, 1046, 1019, 1049]"
407173,LOOP,2023,13154,[1002]
415120,Die Drei Kolosse,2023,13201,"[1039, 1040, 1093, 1028]"
394940,Tiny Woodys,2023,13431,"[1089, 1023, 1002, 1044, 1084, 1010]"
393199,Converge: Engines of Progress,2023,13456,"[1002, 1016, 1120]"
403280,Yuan: l'Art de la Guerre – Chine,2023,13534,"[1050, 1035, 1086, 1019]"
399018,Healthy Heart Hospital (Third Edition),2023,13624,"[1079, 1035]"
410495,Baronda,2023,13649,[1002]
402360,Fluffy Valley,2023,13785,"[1089, 1041]"
399059,Long Range Recon Patrol: A Solitaire Wargame,2023,13792,"[1117, 1109, 1019]"
396015,Warhammer Underworlds: Two-Player Starter Set,2023,13845,"[1044, 1010, 1046, 1047]"
391824,Clue Conspiracy,2023,13973,"[1039, 1030]"
408383,Kluster Duo,2023,13992,"[1009, 1032, 1030]"
407581,Gummi Trick,2023,14067,[1002]
400752,Piles!,2023,14139,[1041]
393200,Converge: Sparks of Hope,2023,14168,"[1002, 1120]"
396090,Exoworld Survival,2023,14173,"[1016, 1113]"
395636,Paella Park,2023,14190,[1097]
400566,Blades & Rose,2023,14229,"[1023, 1002, 1039, 1010, 1024, 1035,  1026, 1030, 1081] "
389780,Finis Terrae,2023,14259,"[1022, 1017, 1020, 1008, 1090]"
393971,"Warhammer 40,000: Leviathan",2023,14274,"[1047, 1016, 1019]"
394430,Arschmallows,2023,14573,"[1002, 1079]"
394340,SCOPE Panzer,2023,14596,"[1002, 1039, 1045, 1019, 1049]"
392464,Curling: Gra planszowa,2023,14730,"[1032, 1030, 1038]"
400911,The Nightmare Before Christmas: Take Over the Holidays!,2023,14776,"[1002, 1041, 1064]"
393869,Maatatahay,2023,14794,"[1009, 1010]"
403528,Vampire Village,2023,14821,[1024]
406238,隅田川 (Sumida River),2023,14838,[1002]
391358,The Gods Will Have Blood,2023,14869,"[2726, 1093, 1001]"
410599,1894,2023,14878,"[1021, 1120, 1034]"
411015,Sosig,2023,14952,"[1002, 1041, 1030]"
413075,魔界札 (Makaifuda),2023,14959,[1082]
394053,Sea Wolves Solitaire: Battle of the Atlantic 1939-1942,2023,15026,"[1117, 1008, 1019, 1049]"
400058,It's a Balloon!?,2023,15042,"[1039, 1079, 1030]"
410112,忍のがっこう (Shinobi no Gakkō),2023,15050,[1002]
398772,Stich für Stich,2023,15059,"[1002, 1039, 1040]"
392694,SPY x FAMILY: Mission for Peanuts,2023,15082,"[1002, 1039, 1081]"
391761,Give Me The Treasure,2023,15152,[1002]
400268,Shadow House: Masquerade,2023,15343,"[1023, 1002, 1030]"
397376,"You Can't Say ""Umm""",2023,15367,[1030]
391162,Sacred Valley,2023,15408,"[1050, 1013]"
395846,Mojo,2023,15495,"[1002, 1030]"
404983,Monopoly Knockout,2023,15556,[1032]
400858,Hipparchus,2023,15597,[1002]
391560,Four Clans Conflict,2023,15621,[1002]
402305,NMBR 9 ++,2023,15682,"[1009, 1098, 1028]"
403122,Along History,2023,15684,"[1002, 1015]"
401361,Doubt Is Our Product,2023,15726,"[1002, 1001]"
403209,Belladone Bluff,2023,15785,"[1002, 1023]"
402668,Donde las papas queman,2022,15810,"[1002, 1030]"
400166,RIP,2023,15972,"[1002, 1118]"
394134,Without Fail,2023,16021,"[1032, 1030]"
395627,The Arkham Asylum Files: Panic in Gotham City,2023,16025,"[1029, 1116, 1039, 1064, 1030, 1028]"
392825,Garden Guests,2023,16125,[1009]
399104,Cards vs Gravity,2023,16140,"[1032, 1002]"
396866,Caper Cards: Bells Hells,2023,16190,"[1002, 1039, 1010]"
407214,Syncro,2023,16224,"[1002, 1010, 1098]"
407010,The Secret Flower,2023,16228,"[1002, 1039, 1028]"
398044,The Cathedral of Orléans,2023,16271,"[1035, 1115]"
364609,Pokémon Trading Card Game: Battle Academy,2022,16282,"[1002, 1044, 1010, 1046, 1064, 1101]"
388721,Aethermon: Collect,2023,16331,"[1022, 1089, 1002, 1010, 1028]"
402475,Super Meow,2023,16376,"[1089, 1002, 1041]"
397459,Bluey Keepy Uppy,2023,16407,"[1032, 1089, 1041, 1072]"
29288,Munchkin Rigged Demo,2007,16484,"[1002, 1010, 1046, 1079]"
394893,Z3BRA,2023,16501,[1002]
391154,Baron von Zom's Dice Of The Undead,2023,16648,"[1017,  1024, 1030, 1028, 2841]"
409787,Dog Poker,2023,16652,"[1089, 1002]"
393405,Lucky First Incense,2023,16667,"[1002, 1079, 1115]"
400570,Odd Shop,2023,16751,"[1002, 1010]"
394890,The Academy,2023,16765,"[1002, 1079]"
401225,Accuse!,2023,16792,"[1023, 1039, 1040]"
398763,Another Christmas Romance Movie,2023,16819,"[1017, 1064]"
414283,Arkendom Conquista Starter Set,2023,16888,"[1002, 1017, 1010, 1035, 1082, 1070, 1019]"
403061,Unlock! Epic Adventures: Die sieben Prüfungen des Drachen,2020,16942,"[1002, 1020, 1028, 1037]"
406257,SUMO,2023,16945,"[1002, 1038]"
398059,The Chameleon: Picture Edition,2023,17013,"[1023, 1002, 1039, 1079, 1030]"
392008,Kings of Chicago,2023,17014,[1033]
395369,Chronology: Disney Edition,2023,17098,"[1002, 1064, 1030, 1027]"
396042,Quirky Quarks,2023,17241,"[1002, 1094]"
415750,Acornism,2023,17304,"[1009, 1089, 1041, 1028]"
382304,Tea Time Crime,2023,17349,"[1017, 1028]"
385765,skitter,2022,17409,[1032]
397839,Murder Mystery Party: The Night Hunter Game,2023,17463,"[1039, 1040, 1028]"
399094,Lecker Lava,2023,17480,[1041]
392117,Duo Regna,2023,17619,"[1002, 1010]"
396384,Herd Mentality: Moosic & Moovies,2023,17655,"[1089, 1030]"
397139,Pawlitics: Candidogs vs. Politicats,2023,17689,"[1089, 1026, 1030, 1001]"
401310,Make10,2023,17741,"[1002, 1098]"
391214,OTLO Stones,2023,17764,"[1032, 1028, 1037]"
398707,Stereo Mind: Classical,2023,17810,"[1054, 1030]"
381536,Elemental Duel,2023,17814,"[1010, 1046]"
403256,Pizza Pizza Yum Yum,2023,17904,"[1002, 1120]"
394894,Magic Dwarf,2023,17942,"[1002, 1041, 1010]"
405976,Trick Dumpling,2023,17970,"[1002, 1079, 1081]"
402670,Tartapies,2023,18015,"[1089, 1002, 1010]"
403257,Apropos: Of Movies,2023,18161,"[1002, 1064, 1030, 1120, 1027]"
378793,Elios,2023,18214,[1009]
402220,Disney The Muppet Christmas Carol: Spirit of Giving Game,2023,18220,"[1002, 1041, 1064, 1093]"
406037,Shenanigrams,2023,18420,[1025]
388459,Apropos: Of Board Games,2023,18453,"[1002, 1030, 1120, 1027]"
399759,Exoplanet,2023,18512,[1113]
391742,Monopoly Chance,2023,18635,[1021]
395256,Flamme Rouge BMX,2023,18878,"[1041, 1031]"
393525,Doctor Rat,2023,18920,"[1089, 1039, 2145]"
403639,Floats McGoats,2023,19029,"[1009, 1032, 1089]"
395493,Zombie Chickens,2023,19081,"[1089, 1002, 1046, 1079, 2481]"
392397,Road To Lord,2023,19094,"[1002, 1035]"
394751,3 Minute Crazy Café,2023,19276,[1037]
402261,Graffiti,2023,19281,
392154,Clue Escape: The Midnight Hotel,2023,19292,"[1039, 1040]"
389043,Picky Pixie,2023,19331,"[1002, 1010, 1120]"
392491,Taco Kitten Pizza,2023,19365,"[1002, 1041, 1030]"
408658,Booty Dice,2023,19385,"[1017, 1090]"
404268,Elin River Cruise,2023,19601,"[1011, 1097]"
395647,Iluliaq,2023,19655,"[1032, 1089, 1041]"
398769,Volles Fass voraus,2023,19678,"[1022, 1008, 1090]"
400093,The Cursed Menagerie,2023,19804,"[1002. 1017, 1120]"
1778,Dark World: Dragon's Gate,1993,19964,"[1022, 1020, 1010, 1047]"
405437,Last Penguin,2023,19970,"[1032, 1023, 1002, 1030]"
393974,Void Halls,2023,20001,"[1030, 1120]"
400567,Energy Apex,2023,20089,"[1002, 1021, 1026]"
400239,Sssnake: Flip&Write,2023,20140,[1041]
402527,Luminis,2023,20290,"[1002, 1070]"
397613,Search Party: Chaos at the Park,2023,20295,"[1041, 1039, 1040]"
406761,10 Tricks Later,2023,20509,[2481]
401110,Dying Message,2023,20553,"[1023, 1039, 1030]"
398770,Maldivia,2023,20978,[1008]
401976,森活日記 Woodtopia,2023,21104,"[1089, 1041, 1094, 1104]"
392097,800 Pound Gorilla,2023,21392,"[1089, 1037]"
392836,The Lunar Dial,2023,21428,"[1009, 1002]"
396650,Llamas & Alpacas,2023,21673,"[1089, 1013]"
396537,What Do You Meme? Bigger Better Edition,2022,21799,"[1118, 1030]"
392809,Happy Fox,2023,21830,"[1089, 1023, 1039]"
398967,Selfish: Shipwrecked Edition,2023,21834,"[1002, 1008]"
394163,Pan T'es Mort,2023,21976,[1002]
392173,Dumb Ways to Die,2023,22108,"[1002, 1079, 1101]"
392150,Unfold: Through the Wall,2023,22601,"[1039, 1028]"
400790,Dubious: New Realms,2023,22727,"[1050, 1002, 1039, 1024, 1030, 1016]"
62395,Pokémon TCG: Rumble,2009,22822,"[1002, 1041, 1044, 1017, 1010, 1064, 1101]"
396426,Purrfect Match,2023,23252,"[1089, 1002]"
402150,Head Trip,2023,23382,"[1079, 1030]"
389734,XXung,2016,24135,[1009]
394783,UNO Quatro,2023,24409,"[1009, 1041]"
411934,Battle Spirits Saga,2023,24665,"[1002, 1021]"
72630,Smart Ass: The Card Game,2009,24912,"[1002, 1079, 1030, 1027]"
399757,Linx,2023,25414,[1009]
400859,The way to Juliet,1910,25856,"[1089, 1002, 1059]"
404427,Mensch ärgere Dich nicht,1910,26656,[1009]
395847,Space Marine: The Board Game,2023,26871,"[1046, 1101]"
